{"cameraMode":{"drawMode":0,"name":"Shaded","section":"Shading Mode"},"sceneLighting":true,"audioPlay":false,"sceneViewState":{"m_AlwaysRefresh":false,"showFog":true,"showSkybox":true,"showFlares":true,"showImageEffects":true,"showParticleSystems":true,"showVisualEffectGraphs":true,"m_FxEnabled":true},"in2DMode":false,"pivot":{"x":8.552410125732422,"y":-38.51409149169922,"z":0.8382759094238281},"rotation":{"x":0.6494079232215881,"y":-0.0022847692016512157,"z":0.0019513564184308053,"w":0.7604344487190247},"size":65.72260284423828,"orthographic":false}